Region,corr_bev_units,corr_bev_revenue,bev_2018,bev_2025,absolute_bev_change,bev_trend_slope_per_year
China,0.9581662723549093,0.9526241132400493,0.020177083333333335,0.19417708333333336,0.17400000000000002,0.024857142857142862
RestOfWorld,0.7946003208143554,0.7973954754902128,0.02002083333333333,0.19372916666666665,0.17370833333333333,0.024815476190476186
Europe,0.843757164990384,0.8150295687327943,0.02140625,0.19504166666666667,0.17363541666666665,0.02480505952380952
USA,0.9785163441480167,0.9808210404338626,0.021010416666666667,0.19415625,0.17314583333333333,0.024735119047619047
