Model,elasticity
iX,-1.2880773050258452
5 Series,-1.2232721378351625
i4,-0.6629888744526727
MINI,-0.5268336122846082
3 Series,-0.3248668133530847
X7,0.2606514731297363
X3,0.3236726261739499
X5,5.023647219539542
